{
  "project_info": {
    "project_number": "178915948555",
    "firebase_url": "https://try-and-catch-9c5f1.firebaseio.com",
    "project_id": "try-and-catch-9c5f1",
    "storage_bucket": "try-and-catch-9c5f1.appspot.com"
  },
  "client": [
    {
      "client_info": {
        "mobilesdk_app_id": "1:178915948555:android:dc919a2dc88c6018",
        "android_client_info": {
          "package_name": "com.mayank.tryandcatch"
        }
      },
      "oauth_client": [
        {
          "client_id": "178915948555-ojtohq11v0mou24667j5ef5qvl8lgg9o.apps.googleusercontent.com",
          "client_type": 1,
          "android_info": {
            "package_name": "com.mayank.tryandcatch",
            "certificate_hash": "7f1782710483b6c17403ca29727407207755afec"
          }
        },
        {
          "client_id": "178915948555-nmcvea731rm5p5midqrr4j70ru5ugj8o.apps.googleusercontent.com",
          "client_type": 3
        }
      ],
      "api_key": [
        {
          "current_key": "AIzaSyAy4bEaFYIBzEKF5RMXr_uHpeC0Or9ejcA"
        }
      ],
      "services": {
        "analytics_service": {
          "status": 1
        },
        "appinvite_service": {
          "status": 2,
          "other_platform_oauth_client": [
            {
              "client_id": "178915948555-nmcvea731rm5p5midqrr4j70ru5ugj8o.apps.googleusercontent.com",
              "client_type": 3
            }
          ]
        },
        "ads_service": {
          "status": 2
        }
      }
    }
  ],
  "configuration_version": "1"
}